<?xml version="1.0" encoding="UTF-8"?>
<beans xmlns="http://www.springframework.org/schema/beans"
	xmlns:xsi="http://www.w3.org/2001/XMLSchema-instance"
	xmlns:context="http://www.springframework.org/schema/context"
	xsi:schemaLocation="http://www.springframework.org/schema/beans http://www.springframework.org/schema/beans/spring-beans.xsd
		http://www.springframework.org/schema/context http://www.springframework.org/schema/context/spring-context-4.3.xsd">

	<!-- Database 설정 -->
	
	<!-- DB 초기화 파일의 위치 -->
	<bean id="propertyConfigurer" class="org.springframework.beans.factory.config.PropertyPlaceholderConfigurer"> 
		<property name="locations">
			<list>
				<!-- classpath(=src/main/java) 초기화된 파일의 경로 -->
				<value>classpath:properties/jdbc.properties</value>
			</list>
		</property>
	</bean>
	
	<!-- DBMS -->
	<bean id="dataSource" class="org.apache.commons.dbcp.BasicDataSource" destroy-method="close">
		<property name="driverClassName" value="${jdbc.driverClassName}"/>
		<property name="url" value="${jdbc.url}"/>
		<property name="username" value="${jdbc.username}"/>
		<property name="password" value="${jdbc.password}"/>
		<property name="initialSize" value="${jdbc.initialSize}"/>
		<property name="maxActive" value="${jdbc.maxActive}"/>
		<property name="minIdle" value="${jdbc.initialSize}"/>
		<property name="maxWait" value="3000"/>	<!-- DB가 접속될때까지 기다리는 시간: 3초 -->
		<property name="poolPreparedStatements" value="true"/>
		<property name="maxOpenPreparedStatements" value="50"/>
	</bean>
	
	<!-- mybatis framework setting -->
	<bean id="sqlSessionFactory" class="org.mybatis.spring.SqlSessionFactoryBean">
		<property name="dataSource" ref="dataSource"/>						<!-- DBMS의 정보를 알려줄게 -->
		<property name="mapperLocations" value="classpath:sqls/*.xml"/>		<!-- sqls라는 패키지 안에 모든 xml 파일을 인식해라 -->
	</bean>
	
	<!-- sqlSession(중요) 취득 -->
	<!-- sqlSession으로 접근하기 때문에 중요함 -->
	<bean id="sqlSession" class="org.mybatis.spring.SqlSessionTemplate">
		<constructor-arg index="0" ref="sqlSessionFactory"/>
		<constructor-arg index="1" value="SIMPLE"/>		<!-- value="BATCH" -->	
	</bean>

	<!-- jdbc 설정 -->
	<bean id="transactionManager" class="org.springframework.jdbc.datasource.DataSourceTransactionManager">
		<property name="dataSource" ref="dataSource"/>
	</bean>

</beans>