<?xml version="1.0" encoding="UTF-8"?>
<beans xmlns="http://www.springframework.org/schema/beans"
	xmlns:xsi="http://www.w3.org/2001/XMLSchema-instance"
	xmlns:context="http://www.springframework.org/schema/context"
	xmlns:mvc="http://www.springframework.org/schema/mvc"
	xsi:schemaLocation="http://www.springframework.org/schema/mvc http://www.springframework.org/schema/mvc/spring-mvc-4.3.xsd
		http://www.springframework.org/schema/beans http://www.springframework.org/schema/beans/spring-beans.xsd
		http://www.springframework.org/schema/context http://www.springframework.org/schema/context/spring-context-4.3.xsd">
	
	<!-- spring MVC annotation(주석문, 지시문)을 사용하기 위한 설정 -->	
	<context:annotation-config/>
	
	<!-- view(html, jsp)의 위치, 확장자명을 설정	 -->
	<bean id="viewResolver" class="org.springframework.web.servlet.view.InternalResourceViewResolver">
																	<!-- InternalResourceViewResolver라는 클래스로 현재 구축하고 있는 스프링 서버에서 -->
		<property name="prefix" value="/WEB-INF/views/"></property>	<!-- views의 경로를 결정. jsp나 html파일을 여기에 넣으면 인식함. -->
		<property name="suffix" value=".jsp"></property>			<!-- 확장자명을 결정 -->	
	</bean>
	
	
	<!-- java 공통 패키지 설정 -->
	<context:component-scan base-package="mul.camp.a"/> <!-- 패키지명은 mul.camp.a다. -->

	
	<!-- 비동기 처리: 현재 화면은 유지한 채, data만 끌어오는것 -->
	<!-- Ajax 사용하기 위해 아래 두 코드 추가 -->
	<!-- Ajax 주석문을 사용 허가 -->
	<mvc:annotation-driven/>
	
	<!-- spring에서 처리할 수 없는 요청은 tomcat에 위임 -->
	<mvc:default-servlet-handler/>
</beans>
