<?xml version="1.0" encoding="UTF-8"?>
<!DOCTYPE mapper PUBLIC "-//mybatis.org//DTD Mapper 3.0//EN"
        "http://mybatis.org/dtd/mybatis-3-mapper.dtd">

<mapper namespace="Member">

<!-- 데이터를 다 불러보자. 데이터를 리턴해서 테스트해보기 위해 DTO 생성 필요-->
						<!-- 들어가는 값: parameterType="object" / 나오는 값: resultType="object" -->
						
<insert id="addmember" parameterType="mul.camp.a.dto.MemberDto">
	INSERT INTO MEMBER(ID,PWD,EMAIL,NAME,AUTH,AKA,IMG,QST,ASW,EXP,LV)
	VALUES (#{id},#{pwd},#{email},#{name},1,#{aka},1,#{qst},#{asw},0,1)
	<!-- 이미지 변경 필요(추후) -->

</insert>
<select id="login" parameterType="mul.camp.a.dto.MemberDto" resultType="mul.camp.a.dto.MemberDto">
	SELECT ID,PWD,EMAIL,NAME,AUTH,AKA,IMG,QST,ASW,EXP,LV
	FROM MEMBER
	WHERE ID=#{id} AND PWD=#{pwd}
</select>
<select id="profileAf" parameterType="mul.camp.a.dto.MemberDto" resultType="mul.camp.a.dto.MemberDto">
	SELECT ID,PWD,EMAIL,NAME,AUTH,AKA,IMG,QST,ASW,EXP,LV
	FROM MEMBER
	WHERE ID=#{id}
</select>						
						
<select id="allmember" resultType="mul.camp.a.dto.MemberDto">	<!-- 나오는 값은 객체로 나온다 -->
	SELECT ID,PWD,EMAIL,NAME,AUTH,AKA,IMG,QST,ASW,EXP,LV
	FROM MEMBER
</select>

<!-- 1명에 대한 데이터 -->
<select id="getmember" parameterType="String" resultType="String">
	SELECT ID, PWD, NAME, AKA, EMAIL, EXP, LV
	FROM MEMBER
	WHERE ID=#{ id } <!-- 소문자 틀리지 말것 -->
</select>

<select id="getId" parameterType="String" resultType="Integer">
	SELECT COUNT(*)
	FROM MEMBER
	WHERE ID=#{ id }
</select>

<select id="getaka" parameterType="String" resultType="Integer">
	SELECT COUNT(*)
	FROM MEMBER
	WHERE AKA=#{ aka }
</select>

<select id="getemail" parameterType="String" resultType="Integer">
	SELECT COUNT(*)
	FROM MEMBER
	WHERE EMAIL=#{ email }
</select>
<select id="forgetemailCheck" parameterType="String" resultType="String">
	SELECT QST
	FROM MEMBER
	WHERE EMAIL=#{ email }
</select>
<select id="forgetidCheck" parameterType="String" resultType="String">
	SELECT QST
	FROM MEMBER
	WHERE ID=#{id}
</select>
<select id="forgetaswCheck" parameterType="mul.camp.a.dto.MemberDto" resultType="String">
	SELECT ID
	FROM MEMBER
	WHERE EMAIL=#{ email } AND ASW=#{ asw }
</select>

<select id="forgetpwdaswCheck" parameterType="mul.camp.a.dto.MemberDto" resultType="mul.camp.a.dto.MemberDto">
	SELECT ID
	FROM MEMBER
	WHERE ID=#{ id } AND ASW=#{ asw }
</select>
<update id="resetpwd" parameterType="mul.camp.a.dto.MemberDto">
	UPDATE MEMBER
	SET PWD=#{ pwd }
	WHERE ID=#{ id }
</update>
<!-- 프로필 수정(프로필 사진, 닉네임) -->
<update id="profileUpdate" parameterType="mul.camp.a.dto.MemberDto">
	UPDATE MEMBER
	SET PWD=#{pwd}, NAME=#{name}, AKA=#{aka}, EMAIL=#{email}, IMG=#{img}, QST=#{qst}, ASW=#{asw}
	WHERE ID=#{ id }
</update>



</mapper>        